SNP		A24-	mtrR_promoter	AZM,CFM,CRO,PEN,TCY	INTERMEDIATE_NOT_ADDITIVE
SAP		G45D	mtrR	AZM,CFM,CRO,PEN,TCY	INTERMEDIATE_NOT_ADDITIVE
SAP		G120K	porB1b	PEN	INTERMEDIATE_NOT_ADDITIVE
SAP		A121D	porB1b	PEN	INTERMEDIATE_NOT_ADDITIVE
SAP		A121N	porB1b	PEN	INTERMEDIATE_NOT_ADDITIVE
SAP		L421P	ponA1	PEN	INTERMEDIATE_NOT_ADDITIVE
SAP		S91F	gyrA	CIP	RESISTANT
SAP		D95N	gyrA	CIP	RESISTANT
SAP		D95G	gyrA	CIP	INTERMEDIATE_NOT_ADDITIVE
SAP		D86N	parC	CIP	INTERMEDIATE_NOT_ADDITIVE
SAP		S87R	parC	CIP	INTERMEDIATE_NOT_ADDITIVE
SAP		S87I	parC	CIP	INTERMEDIATE_NOT_ADDITIVE
SAP		S87W	parC	CIP	INTERMEDIATE_NOT_ADDITIVE
SAP		S88P	parC	CIP	INTERMEDIATE_NOT_ADDITIVE
SNP		A2045G	23S_rDNA	AZM	RESISTANT
SNP		C2597T	23S_rDNA	AZM	RESISTANT
SNP		C1184T	16S_rDNA	SPT	RESISTANT
SAP		V57M	rpsJ	TCY	INTERMEDIATE_NOT_ADDITIVE
SAP		R228S	folP	SMX	RESISTANT
SAP		A311V	penA	CFM,CRO,PEN	INTERMEDIATE_NOT_ADDITIVE
SAP	penA_I312M_G545S_V316T_CRO	I312M	penA	CRO,PEN	INTERMEDIATE_NOT_ADDITIVE
SAP	penA_I312M_G545S_V316T_CRO	G545S	penA	CRO,PEN	INTERMEDIATE_NOT_ADDITIVE
SAP	penA_I312M_G545S_V316T_CRO	V316T	penA	CRO,PEN	INTERMEDIATE_NOT_ADDITIVE
SAP	penA_I312M_G545S_V316T_CFM	I312M	penA	CFM	INTERMEDIATE_ADDITIVE
SAP	penA_I312M_G545S_V316T_CFM	G545S	penA	CFM	INTERMEDIATE_ADDITIVE
SAP	penA_I312M_G545S_V316T_CFM	V316T	penA	CFM	INTERMEDIATE_ADDITIVE
SAP		V316P	penA	CFM,CRO,PEN	INTERMEDIATE_NOT_ADDITIVE
SAP		T483S	penA	CFM,CRO,PEN	INTERMEDIATE_NOT_ADDITIVE
SAP		A501V	penA	CFM,CRO,PEN	INTERMEDIATE_NOT_ADDITIVE
SAP		A501P	penA	CFM,CRO,PEN	INTERMEDIATE_NOT_ADDITIVE
SAP		G542S	penA	CFM,CRO,PEN	INTERMEDIATE_NOT_ADDITIVE
SAP		P551S	penA	CFM,CRO,PEN	INTERMEDIATE_NOT_ADDITIVE
