Mutation Type,Resistance Group,Mutation,Gene Name,Resistance Profile,Set Effect,Effect,Source
SAP,,S83F,gyrA,"NAL,CIP",RESISTANT,RESISTANCE,WGSA
SAP,,S83Y,gyrA,"NAL,CIP",RESISTANT,RESISTANCE,WGSA
SAP,,D87N,gyrA,"NAL,CIP",RESISTANT,RESISTANCE,WGSA
SAP,,D87Y,gyrA,"NAL,CIP",RESISTANT,RESISTANCE,WGSA
SAP,,D87A,gyrA,"NAL,CIP",RESISTANT,RESISTANCE,WGSA
SAP,,D87G,gyrA,"NAL,CIP",RESISTANT,RESISTANCE,WGSA
SAP,,D87V,gyrA,SIL,RESISTANT,RESISTANCE,WGSA
SAP,,S464F,gyrB,"NAL,CIP",RESISTANT,RESISTANCE,WGSA
SAP,,S464Y,gyrB,"NAL,CIP",RESISTANT,RESISTANCE,WGSA
SAP,,Q465R,gyrB,"NAL,CIP",RESISTANT,RESISTANCE,WGSA
SAP,,Q465L,gyrB,"NAL,CIP",RESISTANT,RESISTANCE,WGSA
SAP,,A574V,gyrB,SIL,RESISTANT,RESISTANCE,WGSA
SAP,,S80I,parC,"NAL,CIP",RESISTANT,RESISTANCE,WGSA
SAP,,E84G,parC,"NAL,CIP",RESISTANT,RESISTANCE,WGSA
SAP,,E84K,parC,"NAL,CIP",RESISTANT,RESISTANCE,WGSA
SAP,,L416F,parE,"NAL,CIP",RESISTANT,RESISTANCE,WGSA
SAP,,D420N,parE,"NAL,CIP",RESISTANT,RESISTANCE,WGSA
SAP,,A353V,parE,SIL,RESISTANT,RESISTANCE,WGSA
SAP,,A364V,parE,SIL,RESISTANT,RESISTANCE,WGSA
SAP,,E460K,parE,SIL,RESISTANT,RESISTANCE,WGSA
