SAP	folA_I100L	I100L	folA_AE007317	TMP	Resistant	Sensitive
SAP	folA_57RP	--57RP	folP_AE007317	SSS	Resistant	Sensitive
SAP	folA_60R	-60R	folP_AE007317	SSS	Resistant	Sensitive
SAP	folA_59SSS	---59SSS	folP_AE007317	SSS	Resistant	Sensitive
SAP	folA_60SY	--60SY	folP_AE007317	SSS	Resistant	Sensitive
SAP	folA_60TG	--60TG	folP_AE007317	SSS	Resistant	Sensitive
SAP	folA_63VE	--63VE	folP_AE007317	SSS	Resistant	Sensitive
SAP	folA_64EI	--64EI	folP_AE007317	SSS	Resistant	Sensitive
SAP	gyrA_S81F	S81F	gyrA_AE007317	FLQ	Resistant	Sensitive
SAP	gyrA_S81Y	S81Y	gyrA_AE007317	FLQ	Resistant	Sensitive
SAP	gyrA_S81C	S81C	gyrA_AE007317	FLQ	Resistant	Sensitive
SAP	gyrA_S81I	S81I	gyrA_AE007317	FLQ	Resistant	Sensitive
SAP	gyrA_E85K	E85K	gyrA_AE007317	FLQ	Resistant	Sensitive
SAP	gyrA_Q118K	Q118K	gyrA_AE007317	FLQ	Resistant	Sensitive
SAP	gyrB_E474K	E474K	gyrB_AE007317	FLQ	Resistant	Sensitive
SAP	parC_A63T	A63T	parC_AE007317	FLQ	Resistant	Sensitive
SAP	parC_S79F	S79F	parC_AE007317	FLQ	Resistant	Sensitive
SAP	parC_S79Y	S79Y	parC_AE007317	FLQ	Resistant	Sensitive
SAP	parC_S79L	S79L	parC_AE007317	FLQ	Resistant	Sensitive
SAP	parC_S79F	S79F	parC_AE007317	FLQ	Resistant	Sensitive
SAP	parC_D83G	D83G	parC_AE007317	FLQ	Resistant	Sensitive
SAP	parC_D83N	D83N	parC_AE007317	FLQ	Resistant	Sensitive
SAP	parE_E474K	E474K	parE_AE007317	FLQ	Resistant	Sensitive
SAP	parE_D435N	D435N	parE_AE007317	FLQ	Resistant	Sensitive
SAP	parE_D435H	D435H	parE_AE007317	FLQ	Resistant	Sensitive
SAP	parE_P454S	P454S	parE_AE007317	FLQ	Resistant	Sensitive
